
{
  "hero": {
    "id": "hero01",
    "title": "Chú Thỏ Khổng Lồ",
    "description": "Big Buck Bunny kể về câu chuyện của một chú thỏ khổng lồ với trái tim còn lớn hơn cả bản thân. Khi một ngày nắng đẹp, ba loài gặm nhấm quấy rối chú một cách thô lỗ, một điều gì đó đã vỡ ra... và chú thỏ không còn là một chú thỏ hiền lành nữa! Theo truyền thống hoạt hình, chú chuẩn bị một màn trả thù hài hước cho những kẻ phiền toái.",
    "thumbnail": "https://upload.wikimedia.org/wikipedia/commons/thumb/a/a7/Big_Buck_Bunny_thumbnail_vlc.png/1200px-Big_Buck_Bunny_thumbnail_vlc.png",
    "url": "http://commondatastorage.googleapis.com/gtv-videos-bucket/sample/BigBuckBunny.mp4",
    "type": "video",
    "captions": [
      {
        "kind": "captions",
        "label": "English",
        "srclang": "en",
        "src": "https://raw.githubusercontent.com/google/ExoPlayer/release-v2/demos/main/src/main/assets/media/webvtt/big_buck_bunny.vtt",
        "default": true
      }
    ]
  },
  "liveEvents": [
    {
      "id": "live01",
      "title": "VTV1 - Thời Sự",
      "description": "Kênh Thời sự - Chính trị - Tổng hợp.",
      "thumbnail": "https://cdn.haitrieu.com/wp-content/uploads/2022/01/Logo-VTV1.png",
      "url": "https://test-streams.mux.dev/x36xhzz/x36xhzz.m3u8",
      "type": "m3u8"
    },
    {
      "id": "live02",
      "title": "NASA Live",
      "description": "Trực tiếp từ trạm vũ trụ quốc tế.",
      "thumbnail": "https://i.ytimg.com/vi/21X5lGlDOfg/maxresdefault.jpg",
      "url": "https://www.youtube.com/watch?v=21X5lGlDOfg",
      "type": "youtube"
    },
    {
      "id": "live03",
      "title": "Thể Thao TV",
      "description": "Trực tiếp bóng đá Ngoại Hạng Anh.",
      "thumbnail": "https://images.unsplash.com/photo-1522770179533-24471fcdba45?w=800&q=80",
      "url": "https://test-streams.mux.dev/x36xhzz/x36xhzz.m3u8",
      "type": "m3u8"
    },
    {
      "id": "live04",
      "title": "Âm Nhạc 247",
      "description": "Non-stop music streaming.",
      "thumbnail": "https://images.unsplash.com/photo-1514525253440-b393452e3383?w=800&q=80",
      "url": "https://www.youtube.com/watch?v=jfKfPfyJRdk",
      "type": "youtube"
    }
  ],
  "categories": [
    {
      "title": "Đang Thịnh Hành",
      "items": [
        {
          "id": "vid01",
          "title": "Giấc Mơ Của Những Chú Voi",
          "description": "Bộ phim mở đầu tiên, được làm bằng phần mềm đồ họa mã nguồn mở Blender. Phim ngắn.",
          "thumbnail": "https://commondatastorage.googleapis.com/gtv-videos-bucket/sample/images/ElephantsDream.jpg",
          "url": "http://commondatastorage.googleapis.com/gtv-videos-bucket/sample/ElephantsDream.mp4",
          "type": "video"
        },
        {
          "id": "vid02",
          "title": "Sintel",
          "description": "Một người bị ruồng bỏ vô gia cư, Sintel, bị một con rồng rình rập. Cô phải chiến đấu với nó, nhưng nó không phải như vẻ bề ngoài.",
          "thumbnail": "https://commondatastorage.googleapis.com/gtv-videos-bucket/sample/images/Sintel.jpg",
          "url": "http://commondatastorage.googleapis.com/gtv-videos-bucket/sample/Sintel.mp4",
          "type": "video"
        },
        {
          "id": "yt01",
          "title": "React trong 100 Giây",
          "description": "Một cái nhìn tổng quan nhanh về React.js.",
          "thumbnail": "https://i.ytimg.com/vi/Tn6-PIqc4UM/hqdefault.jpg",
          "url": "https://www.youtube.com/watch?v=Tn6-PIqc4UM",
          "type": "youtube"
        },
        {
          "id": "m3u8_01",
          "title": "Ví Dụ Luồng Trực Tiếp",
          "description": "Một ví dụ về luồng trực tiếp M3U8.",
          "thumbnail": "https://picsum.photos/800/450?random=1",
          "url": "https://test-streams.mux.dev/x36xhzz/x36xhzz.m3u8",
          "type": "m3u8"
        },
        {
          "id": "vid03",
          "title": "For Bigger Blazes",
          "description": "HBO GO hiện hoạt động với Chromecast -- gaia.",
          "thumbnail": "https://commondatastorage.googleapis.com/gtv-videos-bucket/sample/images/ForBiggerBlazes.jpg",
          "url": "http://commondatastorage.googleapis.com/gtv-videos-bucket/sample/ForBiggerBlazes.mp4",
          "type": "video"
        }
      ]
    },
    {
      "title": "Phim Bộ Đặc Sắc",
      "items": [
        {
          "id": "vid04",
          "title": "Nước Mắt Thép",
          "description": "Trong một tương lai tận thế, một nhóm binh lính và nhà khoa học chiến đấu chống lại những con robot khổng lồ.",
          "thumbnail": "https://commondatastorage.googleapis.com/gtv-videos-bucket/sample/images/TearsOfSteel.jpg",
          "url": "http://commondatastorage.googleapis.com/gtv-videos-bucket/sample/TearsOfSteel.mp4",
          "type": "video"
        },
        {
          "id": "vid05",
          "title": "For Bigger Fun",
          "description": "Google Chromecast: For Bigger Fun. The song is.",
          "thumbnail": "https://commondatastorage.googleapis.com/gtv-videos-bucket/sample/images/ForBiggerFun.jpg",
          "url": "http://commondatastorage.googleapis.com/gtv-videos-bucket/sample/ForBiggerFun.mp4",
          "type": "video"
        },
        {
          "id": "m3u8_02",
          "title": "Apple Advanced HLS",
          "description": "Một ví dụ khác về luồng M3U8 từ Apple.",
          "thumbnail": "https://picsum.photos/800/450?random=2",
          "url": "https://devstreaming-cdn.apple.com/videos/streaming/examples/img_bipbop_adv_example_fmp4/master.m3u8",
          "type": "m3u8"
        },
        {
          "id": "yt02",
          "title": "Tailwind CSS là gì?",
          "description": "Giới thiệu về framework CSS utility-first.",
          "thumbnail": "https://i.ytimg.com/vi/pfaSUYaSgPo/hqdefault.jpg",
          "url": "https://www.youtube.com/watch?v=pfaSUYaSgPo",
          "type": "youtube"
        },
        {
            "id": "vid06",
            "title": "For Bigger Escapes",
            "description": "Giới thiệu Chromecast. Cách dễ nhất để thưởng thức video và âm nhạc trực tuyến trên TV của bạn.",
            "thumbnail": "https://commondatastorage.googleapis.com/gtv-videos-bucket/sample/images/ForBiggerEscapes.jpg",
            "url": "http://commondatastorage.googleapis.com/gtv-videos-bucket/sample/ForBiggerEscapes.mp4",
            "type": "video"
        }
      ]
    }
  ]
}
